id_post,keyword_seo,categoria,asin_1,asin_2,asin_3,tag_afiliado
generadores-solares-portatiles,mejores generadores solares portatiles,Bricolaje,B0F9FN228S,B0BFQC1CNQ,B0B9XB57XM,compramaes09a-21
areneros-autolimpiables-gatos,mejores areneros autolimpiables para gatos,Mascotas,B0HGRSHK91,B0D9QJZ7FG,B0GTYCSCWT,compramaes09a-21
sillas-ergonomicas-24h,mejores sillas ergonomicas uso intensivo 24h,Oficina,B07BDFW1Y7,B07GNDDNMW,B0CH7RBQQ7,compramaes09a-21
maquinas-hielo-sobremesa,mejores maquinas de hielo portatiles,Cocina,B0CLC7ZXRY,B0BPZDX5RP,B074ZS8BKM,compramaes09a-21
deshumidificadores-wifi,mejores deshumidificadores inteligentes wifi,Hogar,B0CLB5YDHQ,B0CMGMDS3W,B09Q24NSNK,compramaes09a-21
estaciones-meteorologicas-profesionales,mejores estaciones meteorologicas profesionales,Jardín,B0H75J4698,B0170A47DI,B07ZJK8644,compramaes09a-21
camaras-vigilancia-bateria,mejores camaras de vigilancia sin cables exterior,Seguridad,B0BZ4G7S3H,B0DHLT8T9L,B0BD97BNF4,compramaes09a-21
detectores-metales-principiantes,mejores detectores de metales para principiantes,Ocio,B01FE6X4PM,B08V8FDZMW,B0FHQ23FM6,compramaes09a-21
pistolas-masaje-muscular,mejores pistolas de masaje muscular profesionales,Salud,B0FNX6PMRR,B085NTR26K,B0CDHLKJ2H,compramaes09a-21
maquinas-presoterapia-casa,mejores maquinas de presoterapia en casa,Salud,B07R9Z94CL,B0CGRK4CDV,B07VBG4M47,compramaes09a-21
robots-limpiacristales,mejores robots limpiacristales automaticos,Hogar,B0DLL7FQ3T,B0HFS98HNT,B0GWD6FC8H,compramaes09a-21
proyectores-tiro-corto,mejores proyectores de tiro corto 4k,Electrónica,B0HFZCD8LW,B0F2HXGZ2R,B0F8R67B8J,compramaes09a-21
cerraduras-invisibles-seguridad,mejores cerraduras invisibles de seguridad,Bricolaje,B01MRCAFMF,B08D6LLGNS,B00TTYTNCY,compramaes09a-21
monitores-ultrawide-curvos,mejores monitores ultrawide curvos productividad,Informática,B0CRGR3R96,B0BRL8B5L5,B082VTRPKJ,compramaes09a-21
envasadoras-vacio-campana,mejores envasadoras al vacio de campana,Cocina,B08L7YFG52,B07RHQ338J,B0D97B9669,compramaes09a-21
freidoras-aire-doble-cesta,mejores freidoras de aire doble cesta,Cocina,B0CFL49C1J,B0DGLBKDDG,B0FJY73DG9,compramaes09a-21
cafeteras-superautomaticas,mejores cafeteras superautomaticas grano,Cocina,B00400OMU0,B07MMSHC4R,B00I3YL5T0,compramaes09a-21
aspiradores-sin-cable-potentes,mejores aspiradores sin cable potentes,Hogar,B0979R48CX,B0FL7J8WDT,B0D6ZB7CMY,compramaes09a-21
auriculares-cancelacion-ruido,mejores auriculares cancelacion ruido diadema,Audio,B08C7KCJF5,B09Y2MYL5C,B098FKXT8L,compramaes09a-21
patinetes-electricos-adultos,mejores patinetes electricos para adultos,Movilidad,B0B7XYXVZ4,B0BQ1DYW4W,B0F4XGBYRR,compramaes09a-21
smartwatches-deportivos-gps,mejores smartwatches deportivos con gps,Deportes,B0953VK51D,B09V7V45XG,B0CT3SGHXL,compramaes09a-21
teclados-mecanicos-inalambricos,mejores teclados mecanicos inalambricos,Informática,B0D9VPB7J8,B0H5JNDS8T,B0B64L8SH9,compramaes09a-21
altavoces-bluetooth-potentes,mejores altavoces bluetooth potentes exterior,Audio,B08VDNCZT9,B08FB4RSDJ,B09XXW54QG,compramaes09a-21
purificadores-aire-alergias,mejores purificadores de aire para alergias,Hogar,B0FDL66FYH,B0F84553XQ,B09QX6JN98,compramaes09a-21
taladros-percutores-bateria,mejores taladros percutores a bateria profesional,Bricolaje,B07Q3Q34YB,B01BU0GIGS,B00HW2SQP0,compramaes09a-21
camaras-deportivas-4k,mejores camaras deportivas 4k sumergibles,Fotografía,B0CF3VVTLG,B0C783YNW7,B0CKML3W6R,compramaes09a-21
impresoras-3d-principiantes,mejores impresoras 3d para principiantes,Tecnología,B0FZHWM8YR,B0GQ95W1FL,B0CB6C2QMB,compramaes09a-21
cepillos-electricos-sonicos,mejores cepillos de dientes electricos sonicos,Salud,B0G5YCDL21,B0B59Z1X62,B0D1K5BD6N,compramaes09a-21
barbacoas-gas-portatiles,mejores barbacoas de gas portatiles,Jardín,B00IAQ14ME,B01AT6LRQ0,B00Q4XSK1S,compramaes09a-21
baterias-cocina-induccion,mejores baterias de cocina para induccion,Cocina,B0015Z57KW,B0D36DNPXN,B07H9L218F,compramaes09a-21
ciclocomputadores-gps,mejores ciclocomputadores con gps para bicicleta,Deportes,B0GVP3JWHH,B0G38WGDB9,B0GVN29DW5,compramaes09a-21
relojes-buceo-ordenador,mejores ordenadores de buceo reloj,Deportes,B082B8WMBD,B00H2V1GD0,B07J1DRTGK,compramaes09a-21
mancuernas-ajustables-bloque,mejores mancuernas ajustables para casa,Deportes,B0CQP9F2J9,B0GJ61RH56,B0GX968ZXZ,compramaes09a-21
cintas-correr-plegables-profesionales,mejores cintas de correr plegables profesionales,Deportes,B0H2HHKF7G,B0GF7PGL3T,B0FXGNWWB5,compramaes09a-21
palas-padel-control-rugosas,mejores palas de padel control superficie rugosa,Deportes,B0FKH5HZXJ,B0DNTTDKKB,B0HG1L21LR,compramaes09a-21
bancos-pesas-ajustables-inclinados,mejores bancos de pesas ajustables e inclinables,Deportes,B0GJM7FR2K,B09V8BNQSZ,B0CLRYN7BX,compramaes09a-21
botas-montana-goretex-trekking,mejores botas de montaña goretex trekking,Deportes,B0CLWLB948,B0D4CGW6PZ,B015WBXWBK,compramaes09a-21
telemetros-laser-golf,mejores telemetros laser para golf con pendiente,Deportes,B0899J1RJ7,B0H4GN7R54,B0D3T2Q94Z,compramaes09a-21
auriculares-open-ear-deporte,mejores auriculares open ear para correr conduccion osea,Electrónica,B0H9DDFQSR,B0HJG4HSQJ,B0FHQJRRS4,compramaes09a-21
proyectores-portatiles-bateria,mejores miniproyectores portatiles con bateria integrada,Electrónica,B0GWZPJHCB,B0DHG8XRVV,B019W744BW,compramaes09a-21
estaciones-carga-inalambrica-3en1,mejores estaciones de carga inalambrica 3 en 1 magsafe,Electrónica,B0DT4GMTGG,B0DPJ6YV98,B0FKHDLK9X,compramaes09a-21
barras-sonido-dolby-atmos-inalambricas,mejores barras de sonido con dolby atmos inalambrico,Electrónica,B0DX2D8XPM,B0CWVLR5YV,B0HDC7ST1G,compramaes09a-21
tocadiscos-vinilo-bluetooth-hifi,mejores tocadiscos de vinilo hifi con bluetooth,Electrónica,B07H8XFNP8,B07MVPRSHZ,B0GFG86MCK,compramaes09a-21
gimbal-estabilizadores-movil,mejores estabilizadores gimbal de tres ejes para movil,Electrónica,B07FSS4R16,B0F671CKSW,B0B7XCG225,compramaes09a-21
microfonos-inalambricos-solapa-creadores,mejores microfonos inalambricos de solapa para movil y camara,Electrónica,B0CNW3V4GY,B0DDLD9X2P,B0F6XYVRTC,compramaes09a-21
routers-mesh-wifi6,mejores sistemas wifi mesh 6 para casas grandes,Informática,B0CL577P1S,B076VPYT36,B0CS6TWC4C,compramaes09a-21
sillas-gaming-ergonomicas-transpirables,mejores sillas gaming ergonomicas con tela transpirable,Informática,B0DJNJ4P8J,B0BZYFPD3W,B0DS19QJ9W,compramaes09a-21
discos-ssd-portatiles-antigolpes,mejores discos duros ssd externos ultrarrapidos y resistentes,Informática,B08HN37XC1,B0F3377JBN,B0CGW1FQV4,compramaes09a-21
docking-stations-thunderbolt-doble-monitor,mejores docking stations thunderbolt 4 doble monitor,Informática,B0CM3J7C1S,B0G5Z4C8HC,B0FRLVWT2D,compramaes09a-21
ratones-verticales-ergonomicos-inalambricos,mejores ratones verticales ergonomicos inalambricos para teletrabajo,Informática,B0DFBV17B1,B0DR1K3DM1,B0D12PGGKK,compramaes09a-21
tarjetas-capturadoras-video-4k,mejores capturadoras de video 4k para streaming y consola,Informática,B0CM9C91MK,B0FSXCQHB3,B0CFQ2BMPZ,compramaes09a-21
brazos-articulados-doble-monitor,mejores brazos articulados de gas para dos monitores,Informática,B0FJDG6FB7,B0GMX3QTML,B0FKTF1KJ5,compramaes09a-21
fregonas-electricas-sin-cable,mejores fregonas electricas y aspiradoras en seco y humedo,Hogar,B0DPHT4KB1,B0FYFJJQZZ,B0DJ7JRJJM,compramaes09a-21
centros-planchado-autonomia-ilimitada,mejores centros de planchado verticales y horizontales profesionales,Hogar,B0CZXS22P9,B0CQK94X98,B07W65SQD1,compramaes09a-21
ventiladores-torre-silenciosos-wifi,mejores ventiladores de torre ultrasilenciosos con mando y wifi,Hogar,B09JP62T59,B0GZKC1FVW,B09M8L7C57,compramaes09a-21
basculas-bano-bioimpedancia-inteligentes,mejores basculas de bano inteligentes con bioimpedancia y app,Hogar,B09XVBKN4Z,B0FQJQ2HSV,B0F6CLT4WZ,compramaes09a-21
almohadas-cervicales-viscoelasticas-ergonomicas,mejores almohadas cervicales ergonomicas para dolor de cuello,Hogar,B0FPCLL5KS,B0FPF4WN73,B0HC3PZNWW,compramaes09a-21
radiadores-aceite-bajo-consumo,mejores radiadores de aceite de bajo consumo con termostato,Hogar,B07H82NBLK,B09HKXL6BM,B01LZRFWVN,compramaes09a-21
cubos-basura-reciclaje-sensor,mejores cubos de basura para reciclaje con sensor automatico,Hogar,B0DQD4TR38,B07CGCPJS9,B0DZ6NRGQM,compramaes09a-21
aspiradores-escoba-sin-cable-animales,mejores aspiradores escoba potentes para pelo de mascotas,Hogar,B0H39GWL74,B0D1KCLVPX,B0GX6QQ68P,compramaes09a-21
drones-4k-profesionales,mejores drones 4k profesionales,Electrónica,B0GZ3VZMKV,B0H116VJ51,B0FJ1S18HF,compramaes09a-21
patinetes-electricos-deportivos,mejores patinetes electricos para adultos potentes,Deportes,B0DL35ML1N,B0HK461FPB,B0H2VNSBK8,compramaes09a-21
robots-cortacesped-automaticos,mejores robots cortacesped automaticos,Jardín,B0GL8KP243,B0CXDNFZLL,B0GJ5T8DRC,compramaes09a-21
freidoras-aire-inteligentes,mejores freidoras de aire inteligentes wifi,Cocina,B0FGPTS6B6,B08W1MV85J,B0G7HSS6JP,compramaes09a-21
barras-sonido-dolby-atmos,mejores barras de sonido dolby atmos earc,Electrónica,B0F6NK5773,B0DX2D8XPM,B0GHRB5CQG,compramaes09a-21
relojes-deportivos-triatlon,mejores relojes deportivos para triatlon gps,Deportes,B0CT3SGHXL,B0G1ZGK7MV,B0FFBST2GF,compramaes09a-21
impresoras-3d-resina,mejores impresoras 3d de resina,Informática,B0DT8V7CV8,B0D2R5T2SJ,B0GF1LC4TK,compramaes09a-21
sillas-gaming-tela,mejores sillas gaming de tela transpirable escritorio,Informática,B0DJNJ4P8J,B0BZYFPD3W,B0H7S95VZJ,compramaes09a-21
purificadores-agua-osmosis,mejores purificadores de agua osmosis inversa domestica,Hogar,B0GWM7XXQ1,B0HG15CG2J,B005LJ8EXU,compramaes09a-21
camaras-accion-360,mejores camaras de accion 360 grados sumergibles,Electrónica,B0C783YNW7,B0FQNWDYMS,B0H5CJRJV7,compramaes09a-21
placas-induccion-portatiles,mejores placas de induccion portatiles individuales,Cocina,B0FKT14CJN,B0F268CQD5,B0BJ1Q3HWZ,compramaes09a-21
telescopios-astronomicos-principiantes,mejores telescopios astronomicos para principiantes,Ocio,B0CG7PNPCB,B0H93BF2ST,B0FSJ4P2MR,compramaes09a-21
detectores-humo-wifi,mejores detectores de humo inteligentes wifi,Seguridad,B0DWWYCGNF,B0BMQ52BC8,B0G64JXL9F,compramaes09a-21
cerraduras-inteligentes-biometricas,mejores cerraduras inteligentes biometricas huella,Seguridad,B0GJCZ9GDQ,B0FZTVVSF9,B0FLCHY1KL,compramaes09a-21
estaciones-energia-portatiles,mejores estaciones de energia portatiles generador solar,Bricolaje,B0HBB818VF,B0H8SDLQVQ,B0HBBJC6RL,compramaes09a-21
hidrolimpiadoras-alta-presion,mejores hidrolimpiadoras de alta presion para casa y coche,Jardín,B09T3L346B,B0BZ8GVB6G,B0BXLX4DCZ,compramaes09a-21
cascos-moto-modulares,mejores cascos de moto modulares con pinlock,Motor,B0BRQ9TG9N,B0H49YWSYC,B0FTMRQG8M,compramaes09a-21
arrancadores-bateria-coche,mejores arrancadores de bateria para coche portatil,Motor,B0H4KNVJ99,B0H6HQWJQ7,B0F4C96KZG,compramaes09a-21
radios-coche-pantalla-tactil,mejores radios de coche con pantalla tactil carplay android auto,Motor,B0H9YR53N6,B0H87TSSQS,B0DPN6JDG8,compramaes09a-21
proyectores-exteriores-cine,mejores proyectores de cine para exteriores jardin,Electrónica,B0H25FV8MM,B0FFSQK3DD,B0FVM7LL7W,compramaes09a-21
soportes-monitor-dobles,mejores soportes para doble monitor escritorio,Oficina,B01MR397OH,B09Q8TG4ZB,B07ZNGT8K4,compramaes09a-21
cintas-correr-plegables,mejores cintas de correr plegables para casa silenciosas,Deportes,B0H7VKZW5J,B0GF7PGL3T,B0GZ32CH84,compramaes09a-21
bicicletas-estaticas-magneticas,mejores bicicletas estaticas magneticas plegables,Deportes,B0H3V7VVY6,B0F4QV2BV1,B0F3T7Y569,compramaes09a-21
pesas-rusas-ajustables,mejores pesas rusas ajustables kettlebell,Deportes,B08RXGPFL4,B0D9LK46LX,B0FW4YW6X5,compramaes09a-21
monitores-bebes-camara,mejores vigilabebes con camara y wifi pantalla,Bebés,B0DRFJFGY6,B0FQVHNSDC,B0DHWY75FW,compramaes09a-21
sillas-coche-isofix,mejores sillas de coche con isofix giratorias,Bebés,B0C6DW1WDL,B0GRFL812F,B0GRFX6HKC,compramaes09a-21
mochilas-porteo-ergonomicas,mejores mochilas de porteo ergonomicas recien nacido,Bebés,B0FGD6WXR2,B0FX989VP1,B0D94SXBFR,compramaes09a-21
taladros-columna-profesionales,mejores taladros de columna profesionales taller,Bricolaje,B005OQEK9W,B081NFV2QT,B07BQ6R19K,compramaes09a-21
sierras-circulares-bateria,mejores sierras circulares a bateria portatiles,Bricolaje,B0853SGR52,B0DSDKWK61,B01KWJMTIO,compramaes09a-21
lijadoras-orbitales-madera,mejores lijadoras orbitales para madera aspiracion,Bricolaje,B07ZTJ4PFJ,B0CWQS93JQ,B0CYYWY1C2,compramaes09a-21
camas-perros-ortopedicas,mejores camas ortopedicas para perros grandes viscoelastica,Mascotas,B08LPTHKNS,B06XQ492N8,B0CJ2WXVQZ,compramaes09a-21
collares-adiestramiento-perros,mejores collares de adiestramiento para perros vibracion,Mascotas,B0GWQNBCXL,B0GTVC81VP,B0H7VXKSG5,compramaes09a-21
acuarios-completos-cristal,mejores acuarios de cristal completos con luz led y filtro,Mascotas,B0H267MF2D,B0173I55JM,B0BQBRQDMP,compramaes09a-21
maletas-viaje-cabina,mejores maletas de cabina rigidas 55x40x20,Viaje,B07G4SRQC8,B0727XS1XC,B0FXXTC5K4,compramaes09a-21
tiendas-campana-familiares,mejores tiendas de campana familiares impermeables,AireLibre,B0H4F1VGBH,B0F5WY4Q5F,B0F5WXM9WC,compramaes09a-21
sacos-dormir-invierno,mejores sacos de dormir para invierno extremo plumas,AireLibre,B0FMY6ZHYJ,B0FMY47V3T,B0FMY2XJLP,compramaes09a-21
telescopios-terrestres-observacion,mejores telescopios terrestres para observacion aves y naturaleza,Ocio,B073ZD3RPC,B0FZ88PNSR,B07S98ZY8B,compramaes09a-21
prismaticos-vision-nocturna,mejores prismaticos de vision nocturna digitales infrarrojos,Ocio,B0GY4H2BYG,B0DWK4T9MX,B0CJK26N81,compramaes09a-21
mesas-mezclas-dj,mejores mesas de mezclas para dj principiantes usb,Audio,B086WHSX7J,B0GYYZHD3T,B087S28ZRM,compramaes09a-21
microfonos-inalambricos-solapa,mejores microfonos inalambricos de solapa solapa movil,Audio,B0CP7P4RRQ,B0DDC9Q1NY,B0FQJH54TR,compramaes09a-21
